[
  {
    "id": 1,
    "priority": 1,
    "action": { "type": "block" },
    "condition": {
      "urlFilter": "*doubleclick.net*",
      "resourceTypes": ["main_frame", "sub_frame", "script", "xmlhttprequest"]
    }
  },
  {
    "id": 2,
    "priority": 1,
    "action": { "type": "block" },
    "condition": {
      "urlFilter": "*googleadservices.com*",
      "resourceTypes": ["main_frame", "sub_frame", "script", "xmlhttprequest"]
    }
  },
  {
    "id": 3,
    "priority": 1,
    "action": { "type": "block" },
    "condition": {
      "urlFilter": "*adservice.google.com*",
      "resourceTypes": ["main_frame", "sub_frame", "script", "xmlhttprequest"]
    }
  },
  {
    "id": 4,
    "priority": 1,
    "action": { "type": "block" },
    "condition": {
      "urlFilter": "*adzerk.net*",
      "resourceTypes": ["main_frame", "sub_frame", "script", "xmlhttprequest"]
    }
  },
  {
    "id": 5,
    "priority": 1,
    "action": { "type": "block" },
    "condition": {
      "urlFilter": "*openx.com*",
      "resourceTypes": ["main_frame", "sub_frame", "script", "xmlhttprequest"]
    }
  },
  {
    "id": 6,
    "priority": 1,
    "action": { "type": "block" },
    "condition": {
      "urlFilter": "*inmobi.com*",
      "resourceTypes": ["main_frame", "sub_frame", "script", "xmlhttprequest"]
    }
  },
  {
    "id": 7,
    "priority": 1,
    "action": { "type": "block" },
    "condition": {
      "urlFilter": "*tyroo.com*",
      "resourceTypes": ["main_frame", "sub_frame", "script", "xmlhttprequest"]
    }
  },
  {
    "id": 8,
    "priority": 1,
    "action": { "type": "block" },
    "condition": {
      "urlFilter": "*collectcent.com*",
      "resourceTypes": ["main_frame", "sub_frame", "script", "xmlhttprequest"]
    }
  },
  {
    "id": 9,
    "priority": 1,
    "action": { "type": "block" },
    "condition": {
      "urlFilter": "*affle.com*",
      "resourceTypes": ["main_frame", "sub_frame", "script", "xmlhttprequest"]
    }
  },
  {
    "id": 10,
    "priority": 1,
    "action": { "type": "block" },
    "condition": {
      "urlFilter": "*pubmatic.com*",
      "resourceTypes": ["main_frame", "sub_frame", "script", "xmlhttprequest"]
    }
  },
  {
    "id": 11,
    "priority": 1,
    "action": { "type": "block" },
    "condition": {
      "urlFilter": "*adpushup.com*",
      "resourceTypes": ["main_frame", "sub_frame", "script", "xmlhttprequest"]
    }
  },
  {
    "id": 12,
    "priority": 1,
    "action": { "type": "block" },
    "condition": {
      "urlFilter": "*adnimation.com*",
      "resourceTypes": ["main_frame", "sub_frame", "script", "xmlhttprequest"]
    }
  },
  {
    "id": 13,
    "priority": 1,
    "action": { "type": "block" },
    "condition": {
      "urlFilter": "*adsterra.com*",
      "resourceTypes": ["main_frame", "sub_frame", "script", "xmlhttprequest"]
    }
  }
]
