[
    {
        "id": 1,
        "priority": 1,
        "action": {
            "type": "block"
        },
        "condition": {
            "urlFilter": "||doubleclick.net^"
        }
    },
    {
        "id": 2,
        "priority": 1,
        "action": {
            "type": "block"
        },
        "condition": {
            "urlFilter": "||googleadservices.com^"
        }
    },
    {
        "id": 3,
        "priority": 1,
        "action": {
            "type": "block"
        },
        "condition": {
            "urlFilter": "||adservice.google.com^"
        }
    },
    {
        "id": 4,
        "priority": 1,
        "action": {
            "type": "block"
        },
        "condition": {
            "urlFilter": "||adzerk.net^"
        }
    },
    {
        "id": 5,
        "priority": 1,
        "action": {
            "type": "block"
        },
        "condition": {
            "urlFilter": "||openx.com^"
        }
    },
    {
        "id": 6,
        "priority": 1,
        "action": {
            "type": "block"
        },
        "condition": {
            "urlFilter": "||inmobi.com^"
        }
    },
    {
        "id": 7,
        "priority": 1,
        "action": {
            "type": "block"
        },
        "condition": {
            "urlFilter": "||tyroo.com^"
        }
    },
    {
        "id": 8,
        "priority": 1,
        "action": {
            "type": "block"
        },
        "condition": {
            "urlFilter": "||collectcent.com^"
        }
    },
    {
        "id": 9,
        "priority": 1,
        "action": {
            "type": "block"
        },
        "condition": {
            "urlFilter": "||affle.com^"
        }
    },
    {
        "id": 10,
        "priority": 1,
        "action": {
            "type": "block"
        },
        "condition": {
            "urlFilter": "||pubmatic.com^"
        }
    },
    {
        "id": 11,
        "priority": 1,
        "action": {
            "type": "block"
        },
        "condition": {
            "urlFilter": "||adpushup.com^"
        }
    },
    {
        "id": 12,
        "priority": 1,
        "action": {
            "type": "block"
        },
        "condition": {
            "urlFilter": "||adnimation.com^"
        }
    },
    {
        "id": 13,
        "priority": 1,
        "action": {
            "type": "block"
        },
        "condition": {
            "urlFilter": "||adsterra.com^"
        }
    }
]